service_name,current_storage_utilization_pct_avg,forecast_30d,forecast_60d,forecast_90d
Patient Portal,40.70866666666667,41.97943464123889,42.26600069123437,43.4221896868445
Claims Processing,41.096999999999994,43.703946669895174,44.778515302916,45.137740477921334
EHR,41.14133333333334,42.34003257954029,41.87458061986714,44.574883110060796
Appointment Scheduling,41.55333333333333,46.83884478967141,47.05935260850268,48.46871108589982
Billing Engine,42.32533333333333,48.44622248861509,49.725125073502376,51.2034507292335
Lab Results API,41.654999999999994,44.44203397027776,45.18846647275439,46.23541147789763
Notification Service,41.198,43.994073877081966,45.73501245732659,45.92920423259779
Authentication Service,41.33733333333334,42.238033072228205,44.2600639587205,44.504960631226865
