service_name,current_cpu_utilization_pct_avg,forecast_30d,forecast_60d,forecast_90d
Patient Portal,31.546999999999993,33.62843070902121,37.47927215617396,33.1777505594612
Claims Processing,57.16633333333334,57.95970806693671,57.67053589077099,60.13712216843705
EHR,59.18566666666666,69.85171372691204,67.43176740172696,70.48994956680929
Appointment Scheduling,29.615999999999996,28.175878814636132,31.675380107523534,32.728113166388816
Billing Engine,58.42966666666667,66.34915891497637,68.5739042953799,67.82716622936321
Lab Results API,32.49566666666667,33.26258450625542,33.36392369152931,34.011154566112474
Notification Service,33.7,33.56901280760066,34.41100419467898,38.85874221422823
Authentication Service,58.693,67.95875096670095,67.59757581805779,67.0609914952466
