service_name,current_memory_utilization_pct_avg,forecast_30d,forecast_60d,forecast_90d
Patient Portal,35.97566666666667,41.253089637651726,39.691419730172996,41.76067186931081
Claims Processing,61.57533333333333,57.303881254266386,59.554806706200914,61.54258832754596
EHR,62.67766666666667,59.93903930772128,60.666333782597164,63.707155875241824
Appointment Scheduling,35.141666666666666,31.75039647837693,32.99197370260759,34.789791270077934
Billing Engine,63.041333333333334,71.80004010784417,73.98398978033852,75.28848685200379
Lab Results API,35.39933333333333,33.816703852896794,34.631840230040304,35.87482037053586
Notification Service,36.28966666666666,36.12955697010717,36.663316754373845,36.68834491316264
Authentication Service,62.266333333333336,67.6009298890336,70.09223139620669,70.40953506580854
